{
  "prompt_v1_scores": {
    "faithfulness": 0.9476341991341991,
    "answer_relevancy": 0.9070441566050789,
    "context_recall": 1.0,
    "context_precision": 0.9449999999262501
  },
  "prompt_v2_scores": {
    "faithfulness": 0.9545909090909092,
    "answer_relevancy": 0.8930280335111523,
    "context_recall": 1.0,
    "context_precision": 0.94833333325875
  },
  "target_met": true
}